-- MySQL dump 10.13  Distrib 8.0.21, for Win64 (x86_64)
--
-- Host: localhost    Database: home_hub
-- ------------------------------------------------------
-- Server version	8.0.21

/*!40101 SET @OLD_CHARACTER_SET_CLIENT=@@CHARACTER_SET_CLIENT */;
/*!40101 SET @OLD_CHARACTER_SET_RESULTS=@@CHARACTER_SET_RESULTS */;
/*!40101 SET @OLD_COLLATION_CONNECTION=@@COLLATION_CONNECTION */;
/*!50503 SET NAMES utf8 */;
/*!40103 SET @OLD_TIME_ZONE=@@TIME_ZONE */;
/*!40103 SET TIME_ZONE='+00:00' */;
/*!40014 SET @OLD_UNIQUE_CHECKS=@@UNIQUE_CHECKS, UNIQUE_CHECKS=0 */;
/*!40014 SET @OLD_FOREIGN_KEY_CHECKS=@@FOREIGN_KEY_CHECKS, FOREIGN_KEY_CHECKS=0 */;
/*!40101 SET @OLD_SQL_MODE=@@SQL_MODE, SQL_MODE='NO_AUTO_VALUE_ON_ZERO' */;
/*!40111 SET @OLD_SQL_NOTES=@@SQL_NOTES, SQL_NOTES=0 */;

--
-- Table structure for table `categories`
--

DROP TABLE IF EXISTS `categories`;
/*!40101 SET @saved_cs_client     = @@character_set_client */;
/*!50503 SET character_set_client = utf8mb4 */;
CREATE TABLE `categories` (
  `category_super` varchar(40) NOT NULL,
  `category_sub` varchar(40) NOT NULL,
  PRIMARY KEY (`category_super`,`category_sub`)
) ENGINE=InnoDB DEFAULT CHARSET=utf8mb4 COLLATE=utf8mb4_0900_ai_ci;
/*!40101 SET character_set_client = @saved_cs_client */;

--
-- Dumping data for table `categories`
--

LOCK TABLES `categories` WRITE;
/*!40000 ALTER TABLE `categories` DISABLE KEYS */;
INSERT INTO `categories` VALUES ('appliances','air condition'),('appliances','chimney'),('appliances','microwave'),('appliances','refrigerator'),('appliances','room heater'),('appliances','television'),('appliances','washing machine'),('appliances','water purifier'),('carpenter','customize furniture'),('carpenter','furniture assemble'),('carpenter','furniture repair'),('carpenter','wood polishing'),('carpenter','wood work'),('cleaning','bathroom'),('cleaning','bedroom'),('cleaning','home sanitization'),('cleaning','kitchen'),('cleaning','living room'),('cleaning','workplace'),('electrics','break down'),('electrics','new wiring'),('electrics','repair or fixes'),('electrics','shot circuit'),('moving','packers and movers'),('painting','furniture painting'),('painting','wall painting'),('pest control','ants'),('pest control','bed bugs'),('pest control','cockroach'),('pest control','mosquito'),('pest control','termite'),('plumbing','drain repair'),('plumbing','plumbing service'),('plumbing','sink replace'),('plumbing','toilet repair');
/*!40000 ALTER TABLE `categories` ENABLE KEYS */;
UNLOCK TABLES;

--
-- Table structure for table `services`
--

DROP TABLE IF EXISTS `services`;
/*!40101 SET @saved_cs_client     = @@character_set_client */;
/*!50503 SET character_set_client = utf8mb4 */;
CREATE TABLE `services` (
  `service_id` int NOT NULL AUTO_INCREMENT,
  `service_provider_id` varchar(40) DEFAULT NULL,
  `service_name` varchar(40) DEFAULT NULL,
  `service_category_super` varchar(40) DEFAULT NULL,
  `service_category_sub` varchar(40) DEFAULT NULL,
  `service_images` varchar(150) DEFAULT NULL,
  `service_description` varchar(200) DEFAULT NULL,
  `service_rate` double DEFAULT NULL,
  `service_status` varchar(10) DEFAULT NULL,
  `service_admin_status` varchar(10) DEFAULT NULL,
  PRIMARY KEY (`service_id`)
) ENGINE=InnoDB AUTO_INCREMENT=66 DEFAULT CHARSET=utf8mb4 COLLATE=utf8mb4_0900_ai_ci;
/*!40101 SET character_set_client = @saved_cs_client */;

--
-- Dumping data for table `services`
--

LOCK TABLES `services` WRITE;
/*!40000 ALTER TABLE `services` DISABLE KEYS */;
INSERT INTO `services` VALUES (4,'deepak1','service 1','cleaning','home sanitization','cleaning_home sanitization_2.jpg;cleaning_home sanitization_3.jpg;cleaning_home sanitization_4.jpg','description 1',23,'active','accepted'),(5,'deepak1','service 2','cleaning','kitchen','cleaning_kitchen_2.jpg;cleaning_kitchen_4.jpg;cleaning_kitchen_3.jpg;cleaning_kitchen_3.jpg','description 2',12,'active','accepted'),(6,'deepak2','service 3','cleaning','bedroom','cleaning_bedroom_0.jpg;cleaning_bedroom_1.jpg','des 3',23,'active','accepted'),(7,'deepak2','service 4','cleaning','bathroom','cleaning_bathroom_3.jpg;cleaning_bathroom_3.jpg','des 4',34,'active','accepted'),(8,'deepak3','service 5','cleaning','living room','cleaning_living room_2.jpg;cleaning_living room_1.jpg','des 5',10,'active','accepted'),(9,'deepak3','service 6','cleaning','workplace','cleaning_workplace_0.jpg;cleaning_workplace_0.jpg;cleaning_workplace_4.jpg;cleaning_workplace_4.jpg','des 6',20,'active','accepted'),(10,'deepak4','service 7','plumbing','drain repair','plumbing_drain repair_4.jpg;plumbing_drain repair_3.jpg','des 7',22,'active','accepted'),(11,'deepak4','service 8','plumbing','sink replace','plumbing_sink replace_4.jpg;plumbing_sink replace_4.jpg;plumbing_sink replace_4.jpg;plumbing_sink replace_0.jpg','des 8',23,'active','accepted'),(12,'deepak5','service 9','plumbing','toilet repair','plumbing_toilet repair_1.jpg;plumbing_toilet repair_2.jpg;plumbing_toilet repair_3.jpg','des 9',23,'active','accepted'),(13,'deepak5','service 10','plumbing','plumbing service','plumbing_plumbing service_0.jpg','des 10',25,'active','accepted'),(14,'deepak6','service 11','pest control','cockroach','pest control_cockroach_2.jpg;pest control_cockroach_0.jpg','des 11',26,'active','accepted'),(15,'deepak6','service 12','pest control','bed bugs','pest control_bed bugs_0.jpg;pest control_bed bugs_3.jpg;pest control_bed bugs_1.jpg','des 12',27,'active','accepted'),(16,'deepak7','service 13','pest control','ants','pest control_ants_0.jpg;pest control_ants_2.jpg','des 13',25,'active','accepted'),(17,'deepak7','service 14','pest control','termite','pest control_termite_3.jpg;pest control_termite_2.jpg','des 14',23,'active','accepted'),(18,'deepak8','service 15','pest control','mosquito','','des 15',32,'active','accepted'),(19,'deepak8','service 16','moving','packers and movers','moving_packers and movers_4.jpg;moving_packers and movers_3.jpg','des 16',32,'active','accepted'),(20,'deepak9','service 17','electrics','new wiring','','des 17',32,'active','accepted'),(21,'deepak9','service 18','electrics','break down','electrics_break down_0.jpg;electrics_break down_2.jpg;electrics_break down_0.jpg;electrics_break down_1.jpg','des 18',23,'active','accepted'),(22,'deepak10','service 19','electrics','shot circuit','electrics_shot circuit_3.jpg;electrics_shot circuit_4.jpg;electrics_shot circuit_2.jpg','des 19',24,'active','accepted'),(23,'deepak10','service 20','electrics','repair or fixes','electrics_repair or fixes_3.jpg;electrics_repair or fixes_2.jpg;electrics_repair or fixes_0.jpg','des 20',32,'active','accepted'),(24,'deepak11','service 21','carpenter','furniture repair','carpenter_furniture repair_0.jpg;carpenter_furniture repair_1.jpg;carpenter_furniture repair_3.jpg;carpenter_furniture repair_0.jpg','des 21',22,'active','accepted'),(25,'deepak11','service 22','carpenter','furniture assemble','carpenter_furniture assemble_0.jpg;carpenter_furniture assemble_3.jpg;carpenter_furniture assemble_0.jpg;carpenter_furniture assemble_0.jpg','des 22',34,'active','accepted'),(26,'deepak12','service 23','carpenter','wood work','carpenter_wood work_3.jpg;carpenter_wood work_1.jpg;carpenter_wood work_0.jpg;carpenter_wood work_1.jpg','des 23',32,'active','accepted'),(27,'deepak12','service 24','carpenter','wood polishing','carpenter_wood polishing_4.jpg;carpenter_wood polishing_4.jpg;carpenter_wood polishing_0.jpg','des 24',30,'active','accepted'),(28,'deepak13','service 25','carpenter','customize furniture','carpenter_customize furniture_1.jpg;carpenter_customize furniture_3.jpg;carpenter_customize furniture_1.jpg','des 25',23,'active','accepted'),(29,'deepak13','service 26','painting','wall painting','painting_wall painting_4.jpg;painting_wall painting_2.jpg;painting_wall painting_4.jpg;painting_wall painting_1.jpg','des 26',34,'active','accepted'),(30,'deepak14','service 27','painting','furniture painting','','des 27',34,'active','accepted'),(31,'deepak14','service 28','appliances','air condition','','des 28',35,'active','accepted'),(32,'deepak15','service 29','appliances','microwave','appliances_microwave_3.jpg;appliances_microwave_4.jpg','des 20',30,'active','accepted'),(33,'deepak15','service 30','appliances','refrigerator','appliances_refrigerator_1.jpg;appliances_refrigerator_0.jpg;appliances_refrigerator_3.jpg','des 30',27,'active','accepted'),(34,'deepak16','service 31','appliances','washing machine','appliances_washing machine_0.jpg;appliances_washing machine_3.jpg;appliances_washing machine_3.jpg;appliances_washing machine_1.jpg','des 31',28,'active','accepted'),(35,'deepak16','service 32','appliances','water purifier','appliances_water purifier_3.jpg;appliances_water purifier_3.jpg;appliances_water purifier_3.jpg','des 32',18,'inactive','accepted'),(36,'deepak17','service 33','appliances','room heater','appliances_room heater_2.jpg','des 33',15,'inactive','rejected'),(37,'deepak17','service 34','appliances','television','appliances_television_1.jpg;appliances_television_3.jpg','des 34',14,'inactive','rejected'),(38,'deepak18','service 35','appliances','chimney','','des 35',20,'active','accepted'),(39,'deepak18','service 36','cleaning','home sanitization','','des 36',28,'active','accepted'),(40,'deepak19','service 37','cleaning','kitchen','cleaning_kitchen_1.jpg;cleaning_kitchen_0.jpg','des 37',27,'active','accepted'),(41,'deepak19','service 38','cleaning','bedroom','cleaning_bedroom_1.jpg;cleaning_bedroom_2.jpg','des 38',35,'active','accepted'),(42,'deepak20','service 39','cleaning','bathroom','cleaning_bathroom_0.jpg;cleaning_bathroom_2.jpg;cleaning_bathroom_4.jpg;cleaning_bathroom_2.jpg','des 39',29,'active','accepted'),(43,'deepak20','service 40','cleaning','living room','','des 40',29,'active','accepted'),(44,'deepak21','service 41','cleaning','workplace','cleaning_workplace_1.jpg','des 41',34,'active','accepted'),(45,'deepak21','service 42','plumbing','drain repair','','des 42',36,'active','accepted'),(46,'deepak22','service 43','plumbing','sink replace','plumbing_sink replace_0.jpg;plumbing_sink replace_4.jpg;plumbing_sink replace_1.jpg','des 43',25,'active','accepted'),(47,'deepak22','service 44','plumbing','toilet repair','','des 44',25,'active','accepted'),(48,'deepak23','service 45','plumbing','plumbing service','plumbing_plumbing service_3.jpg;plumbing_plumbing service_2.jpg','des 45',18,'active','accepted'),(49,'deepak23','service 46','pest control','cockroach','pest control_cockroach_1.jpg;pest control_cockroach_1.jpg;pest control_cockroach_2.jpg','des 46',35,'active','accepted'),(50,'deepak24','service 47','pest control','bed bugs','pest control_bed bugs_4.jpg','des 47',25,'active','accepted'),(51,'deepak24','service 48','pest control','ants','pest control_ants_4.jpg;pest control_ants_3.jpg;pest control_ants_2.jpg;pest control_ants_1.jpg','des 48',34,'active','accepted'),(52,'deepak25','service 49','pest control','termite','','des 49',22,'active','accepted'),(53,'deepak25','service 50','pest control','mosquito','pest control_mosquito_4.jpg;pest control_mosquito_3.jpg;pest control_mosquito_4.jpg;pest control_mosquito_1.jpg','des 50',35,'active','accepted'),(54,'deepak26','service 51','moving','packers and movers','moving_packers and movers_4.jpg;moving_packers and movers_4.jpg;moving_packers and movers_0.jpg;moving_packers and movers_3.jpg','des 51',30,'active','accepted'),(55,'deepak26','service 52','electrics','new wiring','electrics_new wiring_2.jpg;electrics_new wiring_4.jpg','des 52',32,'inactive','rejected'),(56,'deepak27','service 53','electrics','break down','','des 53',22,'active','accepted'),(57,'deepak27','service 54','electrics','shot circuit','electrics_shot circuit_2.jpg;electrics_shot circuit_2.jpg','des 54',25,'active','accepted'),(58,'deepak28','service 55','electrics','repair or fixes','','des 55',35,'active','accepted'),(59,'deepak28','service 56','carpenter','furniture repair','','des 56',26,'active','accepted'),(60,'deepak29','service 57','carpenter','furniture assemble','carpenter_furniture assemble_0.jpg;carpenter_furniture assemble_0.jpg;carpenter_furniture assemble_0.jpg;carpenter_furniture assemble_2.jpg','des 57',33,'inactive','pending'),(61,'deepak29','service 58','carpenter','wood work','carpenter_wood work_4.jpg;carpenter_wood work_3.jpg;carpenter_wood work_4.jpg;carpenter_wood work_3.jpg','des 58',26,'inactive','pending'),(62,'deepak30','service 59','carpenter','wood polishing','','des 59',12,'inactive','pending'),(63,'deepak30','service 60','carpenter','customize furniture','carpenter_customize furniture_4.jpg;carpenter_customize furniture_3.jpg;carpenter_customize furniture_0.jpg;carpenter_customize furniture_3.jpg','des 60',22,'inactive','pending'),(64,'deepak32','service 90','cleaning','bathroom','cleaning_bathroom_3.jpg;cleaning_bathroom_4.jpg','des 90',25,'active','accepted'),(65,'deepak32','service 1000','cleaning','bedroom','cleaning_bedroom_2.jpg;cleaning_bedroom_1.jpg','des 2000',45,'inactive','rejected');
/*!40000 ALTER TABLE `services` ENABLE KEYS */;
UNLOCK TABLES;

--
-- Table structure for table `transactions`
--

DROP TABLE IF EXISTS `transactions`;
/*!40101 SET @saved_cs_client     = @@character_set_client */;
/*!50503 SET character_set_client = utf8mb4 */;
CREATE TABLE `transactions` (
  `transaction_id` int NOT NULL,
  `customer_id` varchar(40) DEFAULT NULL,
  `customer_email` varchar(40) DEFAULT NULL,
  `customer_name` varchar(40) DEFAULT NULL,
  `customer_gender` varchar(1) DEFAULT NULL,
  `customer_age` int DEFAULT NULL,
  `customer_phone` varchar(20) DEFAULT NULL,
  `customer_street1` varchar(40) DEFAULT NULL,
  `customer_street2` varchar(40) DEFAULT NULL,
  `customer_city` varchar(40) DEFAULT NULL,
  `customer_state` varchar(40) DEFAULT NULL,
  `customer_zip` varchar(40) DEFAULT NULL,
  `customer_country` varchar(40) DEFAULT NULL,
  `customer_lat` double DEFAULT NULL,
  `customer_long` double DEFAULT NULL,
  `customer_creditcard_account_no` int DEFAULT NULL,
  `service_id` int NOT NULL,
  `service_name` varchar(40) DEFAULT NULL,
  `service_category_super` varchar(40) DEFAULT NULL,
  `service_category_sub` varchar(40) DEFAULT NULL,
  `service_rate` double DEFAULT NULL,
  `service_provider_id` varchar(40) DEFAULT NULL,
  `service_provider_email` varchar(40) DEFAULT NULL,
  `service_provider_name` varchar(40) DEFAULT NULL,
  `service_provider_gender` varchar(1) DEFAULT NULL,
  `service_provider_age` int DEFAULT NULL,
  `service_provider_phone` varchar(20) DEFAULT NULL,
  `service_provider_street1` varchar(40) DEFAULT NULL,
  `service_provider_street2` varchar(40) DEFAULT NULL,
  `service_provider_city` varchar(40) DEFAULT NULL,
  `service_provider_state` varchar(40) DEFAULT NULL,
  `service_provider_zip` varchar(40) DEFAULT NULL,
  `service_provider_country` varchar(40) DEFAULT NULL,
  `service_provider_lat` double DEFAULT NULL,
  `service_provider_long` double DEFAULT NULL,
  `service_hours` int DEFAULT NULL,
  `service_total_amount` double DEFAULT NULL,
  `booking_date` varchar(12) DEFAULT NULL,
  `service_date` varchar(12) DEFAULT NULL,
  `actual_service_date` varchar(12) DEFAULT NULL,
  `transaction_status` varchar(20) DEFAULT NULL,
  `service_status` varchar(20) DEFAULT NULL,
  `is_cancelled` tinyint(1) DEFAULT NULL,
  `is_delivered_on_time` tinyint(1) DEFAULT NULL,
  PRIMARY KEY (`transaction_id`,`service_id`)
) ENGINE=InnoDB DEFAULT CHARSET=utf8mb4 COLLATE=utf8mb4_0900_ai_ci;
/*!40101 SET character_set_client = @saved_cs_client */;

--
-- Dumping data for table `transactions`
--

LOCK TABLES `transactions` WRITE;
/*!40000 ALTER TABLE `transactions` DISABLE KEYS */;
INSERT INTO `transactions` VALUES (1,'yash1','y1@xyz.com','yash1','m',23,'12345678','2901 south king drive','apt 1117','chicago','illinois','60616','usa',41.8415404,-87.6164621,4576899,10,'service 7','plumbing','drain repair',22,'deepak4','d4@xyz.com','deepak yadav 4','f',30,'1234567890','2851 south king drive','apt 909','chicago','illinois','60616','United States',41.8425894,-87.616469,2,44,'12/04/2020','','','approved','pending',1,0),(2,'yash1','y1@xyz.com','yash1','f',21,'214343t52','2901 south king drive','apt 1117','chicago','illinois','60616','usa',41.8415404,-87.6164621,322131231,48,'service 45','plumbing','plumbing service',18,'deepak23','d23@xyz.com','deepak yadav 23','m',52,'1234567890','2120 W Washington Blvd','67','chicago','illinois','60612','United States',41.8833904,-87.6801106,2,36,'12/05/2020','','','approved','rejected',0,0),(3,'yash1','y1@xyz.com','yash1','f',21,'214343t52','2901 south king drive','apt 1117','chicago','illinois','60616','usa',41.8415404,-87.6164621,322131231,50,'service 47','pest control','bed bugs',25,'deepak24','d24@xyz.com','deepak yadav 24','f',53,'1234567890','205 W Randolph St','#900','chicago','illinois','60606','United States',41.8839253,-87.6341816,4,100,'12/05/2020','12/10/2020','12/11/2020','approved','accepted',0,0),(4,'yash1','y1@xyz.com','yash1','f',21,'214343t52','2901 south king drive','apt 1117','chicago','illinois','60616','usa',41.8415404,-87.6164621,322131231,18,'service 15','pest control','mosquito',32,'deepak8','d8@xyz.com','deepak yadav 8','f',67,'1234567890','2251 S Michigan Ave','456','chicago','illinois','60616','United States',41.8514378,-87.6230742,1,32,'12/05/2020','12/10/2020','12/11/2020','disputed','accepted',0,0),(5,'yash1','y1@xyz.com','yash1','f',21,'214343t52','2901 south king drive','apt 1117','chicago','illinois','60616','usa',41.8415404,-87.6164621,322131231,4,'service 1','cleaning','home sanitization',23,'deepak1','d1@xyz.com','deepak yadav 1','m',24,'1234567890','3001 south king drive','apt 101','chicago','illinois','60616','usa',41.8392839,-87.6163853,1,23,'12/05/2020','12/11/2020','12/11/2020','approved','accepted',0,1),(6,'yash1','y1@xyz.com','yash1','f',21,'214343t52','2901 south king drive','apt 1117','chicago','illinois','60616','usa',41.8415404,-87.6164621,322131231,20,'service 17','electrics','new wiring',32,'deepak9','d9@xyz.com','deepak yadav 9','f',34,'1234567890','238 W Cermak Rd','123','chicago','illinois','60616','United States',41.8530414,-87.6333303,4,128,'12/05/2020','12/06/2020','12/06/2020','approved','accepted',0,1),(7,'yash1','y1@xyz.com','yash1','f',21,'214343t52','2901 south king drive','apt 1117','chicago','illinois','60616','usa',41.8415404,-87.6164621,322131231,38,'service 35','appliances','chimney',20,'deepak18','d18@xyz.com','deepak yadav 18','f',76,'1234567890','7200 S Cicero Ave','13','chicago','illinois','60629','United States',41.7627181,-87.7459841,4,80,'12/05/2020','12/10/2020','12/10/2020','approved','accepted',0,1),(8,'yash1','y1@xyz.com','yash1','f',21,'214343t52','2901 south king drive','apt 1117','chicago','illinois','60616','usa',41.8415404,-87.6164621,322131231,54,'service 51','moving','packers and movers',30,'deepak26','d26@xyz.com','deepak yadav 26','m',45,'1234567890','1300 S Wabash Ave','#200','chicago','illinois','60605','United States',41.8656129,-87.6261433,7,210,'12/05/2020','','','disputed','rejected',0,0),(9,'yash1','y1@xyz.com','yash1','f',21,'214343t52','2901 south king drive','apt 1117','chicago','illinois','60616','usa',41.8415404,-87.6164621,322131231,7,'service 4','cleaning','bathroom',34,'deepak2','d2@xyz.com','deepak yadav 2','m',24,'1234567890','2951 south king drive','apt 110','chicago','illinois','60616','United States',41.8404099,-87.6164229,2,68,'12/05/2020','12/16/2020','12/16/2020','approved','accepted',0,1),(10,'yash2','y2@xyz.com','yash2','m',32,'46278930','2759 W 37th Pl','123','Chicago','IL','60632','United States',41.8254029,-87.6945269,4367892,16,'service 13','pest control','ants',25,'deepak7','d7@xyz.com','deepak yadav 7','f',56,'1234567890','2929 S Wabash','Ave #202','chicago','illinois','60616','United States',41.8409592,-87.6248837,1,25,'12/05/2020','12/06/2020','12/07/2020','approved','accepted',0,0),(11,'yash2','y2@xyz.com','yash2','m',32,'46278930','2759 W 37th Pl','123','Chicago','IL','60632','United States',41.8254029,-87.6945269,4367892,33,'service 30','appliances','refrigerator',27,'deepak15','d15@xyz.com','deepak yadav 15','f',57,'1234567890','2803 S Cicero Ave','345','chicago','illinois','60804','United States',41.841408,-87.7411616,5,135,'12/05/2020','12/11/2020','12/12/2020','approved','accepted',0,0),(12,'yash2','y2@xyz.com','yash2','m',32,'46278930','2759 W 37th Pl','123','Chicago','IL','60632','United States',41.8254029,-87.6945269,4367892,19,'service 16','moving','packers and movers',32,'deepak8','d8@xyz.com','deepak yadav 8','f',67,'1234567890','2251 S Michigan Ave','456','chicago','illinois','60616','United States',41.8514378,-87.6230742,4,128,'12/05/2020','12/05/2020','12/06/2020','approved','accepted',0,0),(13,'yash2','y2@xyz.com','yash2','m',32,'46278930','2759 W 37th Pl','123','Chicago','IL','60632','United States',41.8254029,-87.6945269,4367892,38,'service 35','appliances','chimney',20,'deepak18','d18@xyz.com','deepak yadav 18','f',76,'1234567890','7200 S Cicero Ave','13','chicago','illinois','60629','United States',41.7627181,-87.7459841,3,60,'12/05/2020','12/10/2020','12/11/2020','approved','accepted',0,0),(14,'yash2','y2@xyz.com','yash2','m',32,'46278930','2759 W 37th Pl','123','Chicago','IL','60632','United States',41.8254029,-87.6945269,4367892,7,'service 4','cleaning','bathroom',34,'deepak2','d2@xyz.com','deepak yadav 2','m',24,'1234567890','2951 south king drive','apt 110','chicago','illinois','60616','United States',41.8404099,-87.6164229,3,102,'12/05/2020','12/10/2020','12/10/2020','disputed','accepted',0,1),(15,'yash2','y2@xyz.com','yash2','m',32,'46278930','2759 W 37th Pl','123','Chicago','IL','60632','United States',41.8254029,-87.6945269,4367892,24,'service 21','carpenter','furniture repair',22,'deepak11','d11@xyz.com','deepak yadav 11','m',76,'1234567890','1334 W 18th St','125','chicago','illinois','60616','United States',41.8580717,-87.6602118,2,44,'12/05/2020','','','disputed','pending',1,0),(16,'yash2','y2@xyz.com','yash2','m',32,'46278930','2759 W 37th Pl','123','Chicago','IL','60632','United States',41.8254029,-87.6945269,4367892,10,'service 7','plumbing','drain repair',22,'deepak4','d4@xyz.com','deepak yadav 4','f',30,'1234567890','2851 south king drive','apt 909','chicago','illinois','60616','United States',41.8425894,-87.616469,2,44,'12/05/2020','','','disputed','pending',0,0),(17,'yash2','y2@xyz.com','yash2','m',32,'46278930','2759 W 37th Pl','123','Chicago','IL','60632','United States',41.8254029,-87.6945269,4367892,29,'service 26','painting','wall painting',34,'deepak13','d13@xyz.com','deepak yadav 13','f',22,'1234567890','3922 S Wells St','78','chicago','illinois','60609','United States',41.8229331,-87.6328686,5,170,'12/05/2020','12/08/2020','12/08/2020','approved','accepted',0,1),(18,'yash2','y2@xyz.com','yash2','m',32,'46278930','2759 W 37th Pl','123','Chicago','IL','60632','United States',41.8254029,-87.6945269,4367892,47,'service 44','plumbing','toilet repair',25,'deepak22','d22@xyz.com','deepak yadav 22','f',73,'1234567890','1016 W Jackson Blvd','#37','chicago','illinois','60607','United States',41.8780255,-87.6527575,7,175,'12/05/2020','12/13/2020','12/13/2020','approved','accepted',0,1),(19,'yash3','y3@gmail.com','yash3','m',32,'263748910','1959 N Sheffield Ave','32','Chicago','Illinois','60614','United States',41.9175834,-87.6531227,437829301,19,'service 16','moving','packers and movers',32,'deepak8','d8@xyz.com','deepak yadav 8','f',67,'1234567890','2251 S Michigan Ave','456','chicago','illinois','60616','United States',41.8514378,-87.6230742,4,128,'12/05/2020','12/08/2020','12/09/2020','approved','accepted',0,0),(20,'yash3','y3@gmail.com','yash3','m',32,'263748910','1959 N Sheffield Ave','32','Chicago','Illinois','60614','United States',41.9175834,-87.6531227,437829301,4,'service 1','cleaning','home sanitization',23,'deepak1','d1@xyz.com','deepak yadav 1','m',24,'1234567890','3001 south king drive','apt 101','chicago','illinois','60616','usa',41.8392839,-87.6163853,4,92,'12/05/2020','','','disputed','rejected',0,0),(21,'yash3','y3@gmail.com','yash3','m',32,'263748910','1959 N Sheffield Ave','32','Chicago','Illinois','60614','United States',41.9175834,-87.6531227,437829301,10,'service 7','plumbing','drain repair',22,'deepak4','d4@xyz.com','deepak yadav 4','f',30,'1234567890','2851 south king drive','apt 909','chicago','illinois','60616','United States',41.8425894,-87.616469,2,44,'12/05/2020','','','approved','pending',0,0),(22,'yash3','y3@gmail.com','yash3','m',32,'263748910','1959 N Sheffield Ave','32','Chicago','Illinois','60614','United States',41.9175834,-87.6531227,437829301,59,'service 56','carpenter','furniture repair',26,'deepak28','d28@xyz.com','deepak yadav 28','f',47,'1234567890','2501 W Washington Blvd','Suite 301','chicago','illinois','60612','United States',41.8827908,-87.6888856,5,130,'12/05/2020','12/09/2020','12/10/2020','approved','accepted',0,0),(23,'yash3','y3@gmail.com','yash3','m',32,'263748910','1959 N Sheffield Ave','32','Chicago','Illinois','60614','United States',41.9175834,-87.6531227,437829301,27,'service 24','carpenter','wood polishing',30,'deepak12','d12@xyz.com','deepak yadav 12','f',43,'1234567890','3320 S Halsted St','345','chicago','illinois','60608','United States',41.8341764,-87.6464284,1,30,'12/05/2020','12/10/2020','12/11/2020','approved','accepted',0,0),(24,'yash3','y3@gmail.com','yash3','m',32,'263748910','1959 N Sheffield Ave','32','Chicago','Illinois','60614','United States',41.9175834,-87.6531227,437829301,44,'service 41','cleaning','workplace',34,'deepak21','d21@xyz.com','deepak yadav 21','f',64,'1234567890','1563 N Wells St','79','chicago','illinois','60610','United States',41.910999,-87.634567,8,272,'12/05/2020','12/10/2020','12/11/2020','approved','accepted',0,0),(25,'yash3','y3@gmail.com','yash3','m',32,'263748910','1959 N Sheffield Ave','32','Chicago','Illinois','60614','United States',41.9175834,-87.6531227,437829301,30,'service 27','painting','furniture painting',34,'deepak14','d14@xyz.com','deepak yadav 14','m',34,'1234567890','4555 S Western Blvd','789','chicago','illinois','60609','United States',41.8109103,-87.6831864,5,170,'12/05/2020','12/07/2020','12/07/2020','approved','accepted',0,1),(26,'yash3','y3@gmail.com','yash3','m',32,'263748910','1959 N Sheffield Ave','32','Chicago','Illinois','60614','United States',41.9175834,-87.6531227,437829301,31,'service 28','appliances','air condition',35,'deepak14','d14@xyz.com','deepak yadav 14','m',34,'1234567890','4555 S Western Blvd','789','chicago','illinois','60609','United States',41.8109103,-87.6831864,4,140,'12/05/2020','','','disputed','pending',1,0),(27,'yash4','y4@gmail.com','yash4','m',21,'73489201','906 E 54th St','15','Chicago','Illinois','60615','United States',41.7980368,-87.603498,47389211,19,'service 16','moving','packers and movers',32,'deepak8','d8@xyz.com','deepak yadav 8','f',67,'1234567890','2251 S Michigan Ave','456','chicago','illinois','60616','United States',41.8514378,-87.6230742,2,64,'12/05/2020','','','disputed','rejected',0,0),(28,'yash4','y4@gmail.com','yash4','m',21,'73489201','906 E 54th St','15','Chicago','Illinois','60615','United States',41.7980368,-87.603498,47389211,4,'service 1','cleaning','home sanitization',23,'deepak1','d1@xyz.com','deepak yadav 1','m',24,'1234567890','3001 south king drive','apt 101','chicago','illinois','60616','usa',41.8392839,-87.6163853,2,46,'12/05/2020','12/05/2020','12/05/2020','approved','accepted',0,1),(29,'yash4','y4@gmail.com','yash4','m',21,'73489201','906 E 54th St','15','Chicago','Illinois','60615','United States',41.7980368,-87.603498,47389211,20,'service 17','electrics','new wiring',32,'deepak9','d9@xyz.com','deepak yadav 9','f',34,'1234567890','238 W Cermak Rd','123','chicago','illinois','60616','United States',41.8530414,-87.6333303,2,64,'12/05/2020','','','disputed','rejected',0,0),(30,'yash4','y4@gmail.com','yash4','m',21,'73489201','906 E 54th St','15','Chicago','Illinois','60615','United States',41.7980368,-87.603498,47389211,7,'service 4','cleaning','bathroom',34,'deepak2','d2@xyz.com','deepak yadav 2','m',24,'1234567890','2951 south king drive','apt 110','chicago','illinois','60616','United States',41.8404099,-87.6164229,2,68,'12/05/2020','','','disputed','rejected',0,0),(31,'yash4','y4@gmail.com','yash4','m',21,'73489201','906 E 54th St','15','Chicago','Illinois','60615','United States',41.7980368,-87.603498,47389211,24,'service 21','carpenter','furniture repair',22,'deepak11','d11@xyz.com','deepak yadav 11','m',76,'1234567890','1334 W 18th St','125','chicago','illinois','60616','United States',41.8580717,-87.6602118,5,110,'12/05/2020','','','approved','rejected',0,0),(32,'yash4','y4@gmail.com','yash4','m',21,'73489201','906 E 54th St','15','Chicago','Illinois','60615','United States',41.7980368,-87.603498,47389211,28,'service 25','carpenter','customize furniture',23,'deepak13','d13@xyz.com','deepak yadav 13','f',22,'1234567890','3922 S Wells St','78','chicago','illinois','60609','United States',41.8229331,-87.6328686,6,138,'12/05/2020','','','approved','rejected',0,0),(33,'yash4','y4@gmail.com','yash4','m',21,'73489201','906 E 54th St','15','Chicago','Illinois','60615','United States',41.7980368,-87.603498,47389211,29,'service 26','painting','wall painting',34,'deepak13','d13@xyz.com','deepak yadav 13','f',22,'1234567890','3922 S Wells St','78','chicago','illinois','60609','United States',41.8229331,-87.6328686,3,102,'12/05/2020','12/05/2020','12/05/2020','approved','accepted',0,1),(34,'yash4','y4@gmail.com','yash4','m',21,'73489201','906 E 54th St','15','Chicago','Illinois','60615','United States',41.7980368,-87.603498,47389211,13,'service 10','plumbing','plumbing service',25,'deepak5','d5@xyz.com','deepak yadav 5','m',45,'1234567890','215 E 31st St','567','chicago','illinois','60616','United States',41.8381842,-87.6211659,1,25,'12/05/2020','','','disputed','rejected',0,0),(35,'yash4','y4@gmail.com','yash4','m',21,'73489201','906 E 54th St','15','Chicago','Illinois','60615','United States',41.7980368,-87.603498,47389211,31,'service 28','appliances','air condition',35,'deepak14','d14@xyz.com','deepak yadav 14','m',34,'1234567890','4555 S Western Blvd','789','chicago','illinois','60609','United States',41.8109103,-87.6831864,5,175,'12/05/2020','12/08/2020','12/08/2020','disputed','accepted',0,1),(36,'yash5','y5@gmail.com','yash5','m',42,'75384902','7700 S Sangamon St','4602','Chicago','IL','60620','United States',41.7540901,-87.6480355,57843920,16,'service 13','pest control','ants',25,'deepak7','d7@xyz.com','deepak yadav 7','f',56,'1234567890','2929 S Wabash','Ave #202','chicago','illinois','60616','United States',41.8409592,-87.6248837,4,100,'12/05/2020','12/11/2020','12/12/2020','approved','accepted',0,0),(37,'yash5','y5@gmail.com','yash5','m',42,'75384902','7700 S Sangamon St','4602','Chicago','IL','60620','United States',41.7540901,-87.6480355,57843920,34,'service 31','appliances','washing machine',28,'deepak16','d16@xyz.com','deepak yadav 16','f',67,'1234567890','6639 S Pulaski Rd','859','chicago','illinois','60629','United States',41.7719179,-87.7222257,2,56,'12/05/2020','12/06/2020','12/07/2020','disputed','accepted',0,0),(38,'yash5','y5@gmail.com','yash5','m',42,'75384902','7700 S Sangamon St','4602','Chicago','IL','60620','United States',41.7540901,-87.6480355,57843920,18,'service 15','pest control','mosquito',32,'deepak8','d8@xyz.com','deepak yadav 8','f',67,'1234567890','2251 S Michigan Ave','456','chicago','illinois','60616','United States',41.8514378,-87.6230742,3,96,'12/05/2020','12/13/2020','12/14/2020','approved','accepted',0,0),(39,'yash5','y5@gmail.com','yash5','m',42,'75384902','7700 S Sangamon St','4602','Chicago','IL','60620','United States',41.7540901,-87.6480355,57843920,6,'service 3','cleaning','bedroom',23,'deepak2','d2@xyz.com','deepak yadav 2','m',24,'1234567890','2951 south king drive','apt 110','chicago','illinois','60616','United States',41.8404099,-87.6164229,4,92,'12/05/2020','12/06/2020','12/07/2020','disputed','accepted',0,0),(40,'yash5','y5@gmail.com','yash5','m',42,'75384902','7700 S Sangamon St','4602','Chicago','IL','60620','United States',41.7540901,-87.6480355,57843920,23,'service 20','electrics','repair or fixes',32,'deepak10','d10@xyz.com','deepak yadav 10','f',53,'1234567890','1100 W Cermak Rd','#116','chicago','illinois','60616','United States',41.8527225,-87.6537184,4,128,'12/05/2020','12/06/2020','12/06/2020','disputed','accepted',0,1),(41,'yash5','y5@gmail.com','yash5','m',42,'75384902','7700 S Sangamon St','4602','Chicago','IL','60620','United States',41.7540901,-87.6480355,57843920,8,'service 5','cleaning','living room',10,'deepak3','d3@xyz.com','deepak yadav 3','f',28,'1234567890','2801 south king drive','apt 1117','chicago','illinois','60616','United States',41.8437077,-87.6165023,1,10,'12/05/2020','','','approved','pending',1,0),(42,'yash5','y5@gmail.com','yash5','m',42,'75384902','7700 S Sangamon St','4602','Chicago','IL','60620','United States',41.7540901,-87.6480355,57843920,25,'service 22','carpenter','furniture assemble',34,'deepak11','d11@xyz.com','deepak yadav 11','m',76,'1234567890','1334 W 18th St','125','chicago','illinois','60616','United States',41.8580717,-87.6602118,1,34,'12/05/2020','12/11/2020','12/12/2020','disputed','accepted',0,0),(43,'yash5','y5@gmail.com','yash5','m',42,'75384902','7700 S Sangamon St','4602','Chicago','IL','60620','United States',41.7540901,-87.6480355,57843920,12,'service 9','plumbing','toilet repair',23,'deepak5','d5@xyz.com','deepak yadav 5','m',45,'1234567890','215 E 31st St','567','chicago','illinois','60616','United States',41.8381842,-87.6211659,4,92,'12/05/2020','','','disputed','rejected',0,0),(44,'yash5','y5@gmail.com','yash5','m',42,'75384902','7700 S Sangamon St','4602','Chicago','IL','60620','United States',41.7540901,-87.6480355,57843920,30,'service 27','painting','furniture painting',34,'deepak14','d14@xyz.com','deepak yadav 14','m',34,'1234567890','4555 S Western Blvd','789','chicago','illinois','60609','United States',41.8109103,-87.6831864,4,136,'12/05/2020','','','approved','rejected',0,0),(45,'yash6','y6@gmail.com','yash6','m',43,'743829','1031 N Riverwalk St,','12','chicago','IL','60610','United States',41.9003749,-87.645957,4738239,50,'service 47','pest control','bed bugs',25,'deepak24','d24@xyz.com','deepak yadav 24','f',53,'1234567890','205 W Randolph St','#900','chicago','illinois','60606','United States',41.8839253,-87.6341816,4,100,'12/05/2020','12/08/2020','12/09/2020','disputed','accepted',0,0),(46,'yash6','y6@gmail.com','yash6','m',43,'743829','1031 N Riverwalk St,','12','chicago','IL','60610','United States',41.9003749,-87.645957,4738239,51,'service 48','pest control','ants',34,'deepak24','d24@xyz.com','deepak yadav 24','f',53,'1234567890','205 W Randolph St','#900','chicago','illinois','60606','United States',41.8839253,-87.6341816,2,68,'12/05/2020','12/06/2020','12/07/2020','approved','accepted',0,0),(47,'yash6','y6@gmail.com','yash6','m',43,'743829','1031 N Riverwalk St,','12','chicago','IL','60610','United States',41.9003749,-87.645957,4738239,4,'service 1','cleaning','home sanitization',23,'deepak1','d1@xyz.com','deepak yadav 1','m',24,'1234567890','3001 south king drive','apt 101','chicago','illinois','60616','usa',41.8392839,-87.6163853,3,69,'12/05/2020','','','approved','pending',1,0),(48,'yash6','y6@gmail.com','yash6','m',43,'743829','1031 N Riverwalk St,','12','chicago','IL','60610','United States',41.9003749,-87.645957,4738239,56,'service 53','electrics','break down',22,'deepak27','d27@xyz.com','deepak yadav 27','f',76,'1234567890','980 N Michigan Ave','#900','chicago','illinois','60611','United States',41.900629,-87.6244518,2,44,'12/05/2020','12/16/2020','12/16/2020','disputed','accepted',0,1),(49,'yash6','y6@gmail.com','yash6','m',43,'743829','1031 N Riverwalk St,','12','chicago','IL','60610','United States',41.9003749,-87.645957,4738239,42,'service 39','cleaning','bathroom',29,'deepak20','d20@xyz.com','deepak yadav 20','f',65,'1234567890','1928 W Fulton st','UNIT 2N','chicago','illinois','60612','United States',41.8870152,-87.6755672,2,58,'12/05/2020','12/10/2020','12/11/2020','disputed','accepted',0,0),(50,'yash6','y6@gmail.com','yash6','m',43,'743829','1031 N Riverwalk St,','12','chicago','IL','60610','United States',41.9003749,-87.645957,4738239,45,'service 42','plumbing','drain repair',36,'deepak21','d21@xyz.com','deepak yadav 21','f',64,'1234567890','1563 N Wells St','79','chicago','illinois','60610','United States',41.910999,-87.634567,3,108,'12/05/2020','12/06/2020','12/06/2020','disputed','accepted',0,1),(51,'yash6','y6@gmail.com','yash6','m',43,'743829','1031 N Riverwalk St,','12','chicago','IL','60610','United States',41.9003749,-87.645957,4738239,31,'service 28','appliances','air condition',35,'deepak14','d14@xyz.com','deepak yadav 14','m',34,'1234567890','4555 S Western Blvd','789','chicago','illinois','60609','United States',41.8109103,-87.6831864,1,35,'12/05/2020','12/08/2020','12/09/2020','approved','accepted',0,0),(52,'yash7','y7@gmail.com','yash7','m',23,'4673289','614 N Paulina St','20','Chicago','IL','60622','United States',41.8929675,-87.6697129,473829,32,'service 29','appliances','microwave',30,'deepak15','d15@xyz.com','deepak yadav 15','f',57,'1234567890','2803 S Cicero Ave','345','chicago','illinois','60804','United States',41.841408,-87.7411616,4,120,'12/05/2020','12/07/2020','12/08/2020','approved','accepted',0,0),(53,'yash7','y7@gmail.com','yash7','m',23,'4673289','614 N Paulina St','20','Chicago','IL','60622','United States',41.8929675,-87.6697129,473829,50,'service 47','pest control','bed bugs',25,'deepak24','d24@xyz.com','deepak yadav 24','f',53,'1234567890','205 W Randolph St','#900','chicago','illinois','60606','United States',41.8839253,-87.6341816,3,75,'12/05/2020','','','disputed','rejected',0,0),(54,'yash7','y7@gmail.com','yash7','m',23,'4673289','614 N Paulina St','20','Chicago','IL','60622','United States',41.8929675,-87.6697129,473829,4,'service 1','cleaning','home sanitization',23,'deepak1','d1@xyz.com','deepak yadav 1','m',24,'1234567890','3001 south king drive','apt 101','chicago','illinois','60616','usa',41.8392839,-87.6163853,2,46,'12/05/2020','12/08/2020','12/09/2020','disputed','accepted',0,0),(55,'yash7','y7@gmail.com','yash7','m',23,'4673289','614 N Paulina St','20','Chicago','IL','60622','United States',41.8929675,-87.6697129,473829,54,'service 51','moving','packers and movers',30,'deepak26','d26@xyz.com','deepak yadav 26','m',45,'1234567890','1300 S Wabash Ave','#200','chicago','illinois','60605','United States',41.8656129,-87.6261433,1,30,'12/05/2020','12/09/2020','12/09/2020','approved','accepted',0,1),(56,'yash7','y7@gmail.com','yash7','m',23,'4673289','614 N Paulina St','20','Chicago','IL','60622','United States',41.8929675,-87.6697129,473829,56,'service 53','electrics','break down',22,'deepak27','d27@xyz.com','deepak yadav 27','f',76,'1234567890','980 N Michigan Ave','#900','chicago','illinois','60611','United States',41.900629,-87.6244518,5,110,'12/05/2020','','','disputed','rejected',0,0),(57,'yash7','y7@gmail.com','yash7','m',23,'4673289','614 N Paulina St','20','Chicago','IL','60622','United States',41.8929675,-87.6697129,473829,27,'service 24','carpenter','wood polishing',30,'deepak12','d12@xyz.com','deepak yadav 12','f',43,'1234567890','3320 S Halsted St','345','chicago','illinois','60608','United States',41.8341764,-87.6464284,4,120,'12/05/2020','','','disputed','pending',1,0),(58,'yash7','y7@gmail.com','yash7','m',23,'4673289','614 N Paulina St','20','Chicago','IL','60622','United States',41.8929675,-87.6697129,473829,45,'service 42','plumbing','drain repair',36,'deepak21','d21@xyz.com','deepak yadav 21','f',64,'1234567890','1563 N Wells St','79','chicago','illinois','60610','United States',41.910999,-87.634567,2,72,'12/05/2020','','','approved','rejected',0,0),(59,'yash7','y7@gmail.com','yash7','m',23,'4673289','614 N Paulina St','20','Chicago','IL','60622','United States',41.8929675,-87.6697129,473829,30,'service 27','painting','furniture painting',34,'deepak14','d14@xyz.com','deepak yadav 14','m',34,'1234567890','4555 S Western Blvd','789','chicago','illinois','60609','United States',41.8109103,-87.6831864,5,170,'12/05/2020','12/06/2020','12/07/2020','disputed','accepted',0,0),(60,'yash8','y8@gmail.com','yash8','m',28,'437829','614 N Paulina St','01','Chicago','Illinois','60622','United States',41.8929675,-87.6697129,48329,49,'service 46','pest control','cockroach',35,'deepak23','d23@xyz.com','deepak yadav 23','m',52,'1234567890','2120 W Washington Blvd','67','chicago','illinois','60612','United States',41.8833904,-87.6801106,2,70,'12/05/2020','12/07/2020','12/07/2020','disputed','accepted',0,1),(61,'yash8','y8@gmail.com','yash8','m',28,'437829','614 N Paulina St','01','Chicago','Illinois','60622','United States',41.8929675,-87.6697129,48329,4,'service 1','cleaning','home sanitization',23,'deepak1','d1@xyz.com','deepak yadav 1','m',24,'1234567890','3001 south king drive','apt 101','chicago','illinois','60616','usa',41.8392839,-87.6163853,3,69,'12/05/2020','12/06/2020','12/06/2020','approved','accepted',0,1),(62,'yash8','y8@gmail.com','yash8','m',28,'437829','614 N Paulina St','01','Chicago','Illinois','60622','United States',41.8929675,-87.6697129,48329,5,'service 2','cleaning','kitchen',12,'deepak1','d1@xyz.com','deepak yadav 1','m',24,'1234567890','3001 south king drive','apt 101','chicago','illinois','60616','usa',41.8392839,-87.6163853,5,60,'12/05/2020','','','disputed','pending',1,0),(63,'yash8','y8@gmail.com','yash8','m',28,'437829','614 N Paulina St','01','Chicago','Illinois','60622','United States',41.8929675,-87.6697129,48329,38,'service 35','appliances','chimney',20,'deepak18','d18@xyz.com','deepak yadav 18','f',76,'1234567890','7200 S Cicero Ave','13','chicago','illinois','60629','United States',41.7627181,-87.7459841,5,100,'12/05/2020','12/08/2020','12/09/2020','approved','accepted',0,0),(64,'yash8','y8@gmail.com','yash8','m',28,'437829','614 N Paulina St','01','Chicago','Illinois','60622','United States',41.8929675,-87.6697129,48329,25,'service 22','carpenter','furniture assemble',34,'deepak11','d11@xyz.com','deepak yadav 11','m',76,'1234567890','1334 W 18th St','125','chicago','illinois','60616','United States',41.8580717,-87.6602118,6,204,'12/05/2020','12/10/2020','12/11/2020','approved','accepted',0,0),(65,'yash8','y8@gmail.com','yash8','m',28,'437829','614 N Paulina St','01','Chicago','Illinois','60622','United States',41.8929675,-87.6697129,48329,42,'service 39','cleaning','bathroom',29,'deepak20','d20@xyz.com','deepak yadav 20','f',65,'1234567890','1928 W Fulton st','UNIT 2N','chicago','illinois','60612','United States',41.8870152,-87.6755672,2,58,'12/05/2020','','','disputed','rejected',0,0),(66,'yash8','y8@gmail.com','yash8','m',28,'437829','614 N Paulina St','01','Chicago','Illinois','60622','United States',41.8929675,-87.6697129,48329,11,'service 8','plumbing','sink replace',23,'deepak4','d4@xyz.com','deepak yadav 4','f',30,'1234567890','2851 south king drive','apt 909','chicago','illinois','60616','United States',41.8425894,-87.616469,1,23,'12/05/2020','','','disputed','pending',0,0),(67,'yash8','y8@gmail.com','yash8','m',28,'437829','614 N Paulina St','01','Chicago','Illinois','60622','United States',41.8929675,-87.6697129,48329,27,'service 24','carpenter','wood polishing',30,'deepak12','d12@xyz.com','deepak yadav 12','f',43,'1234567890','3320 S Halsted St','345','chicago','illinois','60608','United States',41.8341764,-87.6464284,5,150,'12/05/2020','12/07/2020','12/07/2020','disputed','accepted',0,1),(68,'yash8','y8@gmail.com','yash8','m',28,'437829','614 N Paulina St','01','Chicago','Illinois','60622','United States',41.8929675,-87.6697129,48329,45,'service 42','plumbing','drain repair',36,'deepak21','d21@xyz.com','deepak yadav 21','f',64,'1234567890','1563 N Wells St','79','chicago','illinois','60610','United States',41.910999,-87.634567,3,108,'12/05/2020','12/07/2020','12/08/2020','approved','accepted',0,0),(69,'yash9','y9@gmail.com','yash9','m',43,'47382910`','1500 S Kenneth Ave,','011','Chicago','Illinois','60622','United States',41.8604039,-87.7362491,37482910,34,'service 31','appliances','washing machine',28,'deepak16','d16@xyz.com','deepak yadav 16','f',67,'1234567890','6639 S Pulaski Rd','859','chicago','illinois','60629','United States',41.7719179,-87.7222257,2,56,'12/05/2020','','','approved','rejected',0,0),(70,'yash9','y9@gmail.com','yash9','m',43,'47382910`','1500 S Kenneth Ave,','011','Chicago','Illinois','60622','United States',41.8604039,-87.7362491,37482910,4,'service 1','cleaning','home sanitization',23,'deepak1','d1@xyz.com','deepak yadav 1','m',24,'1234567890','3001 south king drive','apt 101','chicago','illinois','60616','usa',41.8392839,-87.6163853,5,115,'12/05/2020','12/08/2020','12/08/2020','disputed','accepted',0,1),(71,'yash9','y9@gmail.com','yash9','m',43,'47382910`','1500 S Kenneth Ave,','011','Chicago','Illinois','60622','United States',41.8604039,-87.7362491,37482910,52,'service 49','pest control','termite',22,'deepak25','d25@xyz.com','deepak yadav 25','f',32,'1234567890','130 N LaSalle Dr','89','chicago','illinois','60602','United States',41.8840026,-87.632767,1,22,'12/05/2020','12/10/2020','12/10/2020','disputed','accepted',0,1),(72,'yash9','y9@gmail.com','yash9','m',43,'47382910`','1500 S Kenneth Ave,','011','Chicago','Illinois','60622','United States',41.8604039,-87.7362491,37482910,5,'service 2','cleaning','kitchen',12,'deepak1','d1@xyz.com','deepak yadav 1','m',24,'1234567890','3001 south king drive','apt 101','chicago','illinois','60616','usa',41.8392839,-87.6163853,2,24,'12/05/2020','','','approved','rejected',0,0),(73,'yash9','y9@gmail.com','yash9','m',43,'47382910`','1500 S Kenneth Ave,','011','Chicago','Illinois','60622','United States',41.8604039,-87.7362491,37482910,53,'service 50','pest control','mosquito',35,'deepak25','d25@xyz.com','deepak yadav 25','f',32,'1234567890','130 N LaSalle Dr','89','chicago','illinois','60602','United States',41.8840026,-87.632767,6,210,'12/05/2020','','','approved','rejected',0,0),(74,'yash9','y9@gmail.com','yash9','m',43,'47382910`','1500 S Kenneth Ave,','011','Chicago','Illinois','60622','United States',41.8604039,-87.7362491,37482910,54,'service 51','moving','packers and movers',30,'deepak26','d26@xyz.com','deepak yadav 26','m',45,'1234567890','1300 S Wabash Ave','#200','chicago','illinois','60605','United States',41.8656129,-87.6261433,7,210,'12/05/2020','12/08/2020','12/08/2020','disputed','accepted',0,1),(75,'yash9','y9@gmail.com','yash9','m',43,'47382910`','1500 S Kenneth Ave,','011','Chicago','Illinois','60622','United States',41.8604039,-87.7362491,37482910,59,'service 56','carpenter','furniture repair',26,'deepak28','d28@xyz.com','deepak yadav 28','f',47,'1234567890','2501 W Washington Blvd','Suite 301','chicago','illinois','60612','United States',41.8827908,-87.6888856,1,26,'12/05/2020','','','approved','rejected',0,0),(76,'yash9','y9@gmail.com','yash9','m',43,'47382910`','1500 S Kenneth Ave,','011','Chicago','Illinois','60622','United States',41.8604039,-87.7362491,37482910,46,'service 43','plumbing','sink replace',25,'deepak22','d22@xyz.com','deepak yadav 22','f',73,'1234567890','1016 W Jackson Blvd','#37','chicago','illinois','60607','United States',41.8780255,-87.6527575,6,150,'12/05/2020','','','approved','pending',1,0),(77,'yash10','y10@gmail.com','yash10','m',28,'7438291','1515 S Prairie Ave,','704','Chicago','Illinois','60605','United States',41.8617675,-87.6202181,43829,64,'service 90','cleaning','bathroom',25,'deepak32','d32@xyz.com','deepak yadav 32','m',34,'1234567890','1401 S State St','123','chicago','illinois','60605','United States',41.8634989,-87.6270427,2,50,'12/05/2020','','','disputed','rejected',0,0),(78,'yash10','y10@gmail.com','yash10','m',28,'7438291','1515 S Prairie Ave,','704','Chicago','Illinois','60605','United States',41.8617675,-87.6202181,43829,16,'service 13','pest control','ants',25,'deepak7','d7@xyz.com','deepak yadav 7','f',56,'1234567890','2929 S Wabash','Ave #202','chicago','illinois','60616','United States',41.8409592,-87.6248837,5,125,'12/05/2020','','','approved','rejected',0,0),(79,'yash10','y10@gmail.com','yash10','m',28,'7438291','1515 S Prairie Ave,','704','Chicago','Illinois','60605','United States',41.8617675,-87.6202181,43829,38,'service 35','appliances','chimney',20,'deepak18','d18@xyz.com','deepak yadav 18','f',76,'1234567890','7200 S Cicero Ave','13','chicago','illinois','60629','United States',41.7627181,-87.7459841,1,20,'12/05/2020','','','disputed','rejected',0,0),(80,'yash10','y10@gmail.com','yash10','m',28,'7438291','1515 S Prairie Ave,','704','Chicago','Illinois','60605','United States',41.8617675,-87.6202181,43829,28,'service 25','carpenter','customize furniture',23,'deepak13','d13@xyz.com','deepak yadav 13','f',22,'1234567890','3922 S Wells St','78','chicago','illinois','60609','United States',41.8229331,-87.6328686,5,115,'12/05/2020','12/06/2020','12/07/2020','approved','accepted',0,0),(81,'yash10','y10@gmail.com','yash10','m',28,'7438291','1515 S Prairie Ave,','704','Chicago','Illinois','60605','United States',41.8617675,-87.6202181,43829,29,'service 26','painting','wall painting',34,'deepak13','d13@xyz.com','deepak yadav 13','f',22,'1234567890','3922 S Wells St','78','chicago','illinois','60609','United States',41.8229331,-87.6328686,2,68,'12/05/2020','','','approved','rejected',0,0),(82,'yash10','y10@gmail.com','yash10','m',28,'7438291','1515 S Prairie Ave,','704','Chicago','Illinois','60605','United States',41.8617675,-87.6202181,43829,30,'service 27','painting','furniture painting',34,'deepak14','d14@xyz.com','deepak yadav 14','m',34,'1234567890','4555 S Western Blvd','789','chicago','illinois','60609','United States',41.8109103,-87.6831864,1,34,'12/05/2020','12/13/2020','12/13/2020','approved','accepted',0,1),(83,'yash10','y10@gmail.com','yash10','m',28,'7438291','1515 S Prairie Ave,','704','Chicago','Illinois','60605','United States',41.8617675,-87.6202181,43829,15,'service 12','pest control','bed bugs',27,'deepak6','d6@xyz.com','deepak yadav 6','f',54,'1234567890','215 E 31st St','56','chicago','illinois','60616','United States',41.8381842,-87.6211659,6,162,'12/05/2020','12/10/2020','12/10/2020','approved','accepted',0,1);
/*!40000 ALTER TABLE `transactions` ENABLE KEYS */;
UNLOCK TABLES;

--
-- Table structure for table `users`
--

DROP TABLE IF EXISTS `users`;
/*!40101 SET @saved_cs_client     = @@character_set_client */;
/*!50503 SET character_set_client = utf8mb4 */;
CREATE TABLE `users` (
  `user_id` varchar(40) NOT NULL,
  `user_pswd` varchar(40) DEFAULT NULL,
  `user_type` varchar(40) DEFAULT NULL,
  `user_info_set` tinyint(1) DEFAULT NULL,
  `user_email` varchar(40) DEFAULT NULL,
  `user_name` varchar(40) DEFAULT NULL,
  `user_gender` varchar(1) DEFAULT NULL,
  `user_birthdate` varchar(10) DEFAULT NULL,
  `user_age` int DEFAULT NULL,
  `user_occupation` varchar(40) DEFAULT NULL,
  `user_phone` varchar(20) DEFAULT NULL,
  `user_street1` varchar(40) DEFAULT NULL,
  `user_street2` varchar(40) DEFAULT NULL,
  `user_city` varchar(40) DEFAULT NULL,
  `user_state` varchar(40) DEFAULT NULL,
  `user_zip` varchar(40) DEFAULT NULL,
  `user_country` varchar(40) DEFAULT NULL,
  `user_lat` double DEFAULT NULL,
  `user_long` double DEFAULT NULL,
  PRIMARY KEY (`user_id`)
) ENGINE=InnoDB DEFAULT CHARSET=utf8mb4 COLLATE=utf8mb4_0900_ai_ci;
/*!40101 SET character_set_client = @saved_cs_client */;

--
-- Dumping data for table `users`
--

LOCK TABLES `users` WRITE;
/*!40000 ALTER TABLE `users` DISABLE KEYS */;
INSERT INTO `users` VALUES ('deepak1','123','service_provider',1,'d1@xyz.com','deepak yadav 1','m','11/02/1997',24,'student 1','1234567890','3001 south king drive','apt 101','chicago','illinois','60616','usa',41.8392839,-87.6163853),('deepak10','123','service_provider',1,'d10@xyz.com','deepak yadav 10','f','11/02/1997',53,'provider 10','1234567890','1100 W Cermak Rd','#116','chicago','illinois','60616','United States',41.8527225,-87.6537184),('deepak11','123','service_provider',1,'d11@xyz.com','deepak yadav 11','m','11/02/1997',76,'provider 11','1234567890','1334 W 18th St','125','chicago','illinois','60616','United States',41.8580717,-87.6602118),('deepak12','123','service_provider',1,'d12@xyz.com','deepak yadav 12','f','11/02/1997',43,'provider 12','1234567890','3320 S Halsted St','345','chicago','illinois','60608','United States',41.8341764,-87.6464284),('deepak13','123','service_provider',1,'d13@xyz.com','deepak yadav 13','f','11/02/1997',22,'provider 13','1234567890','3922 S Wells St','78','chicago','illinois','60609','United States',41.8229331,-87.6328686),('deepak14','123','service_provider',1,'d14@xyz.com','deepak yadav 14','m','11/02/1997',34,'provider 14','1234567890','4555 S Western Blvd','789','chicago','illinois','60609','United States',41.8109103,-87.6831864),('deepak15','123','service_provider',1,'d15@xyz.com','deepak yadav 15','f','11/02/1997',57,'provider 15','1234567890','2803 S Cicero Ave','345','chicago','illinois','60804','United States',41.841408,-87.7411616),('deepak16','123','service_provider',1,'d16@xyz.com','deepak yadav 16','f','11/02/1997',67,'provider 16','1234567890','6639 S Pulaski Rd','859','chicago','illinois','60629','United States',41.7719179,-87.7222257),('deepak17','123','service_provider',1,'d17@xyz.com','deepak yadav 17','f','11/02/1997',67,'provider 17','1234567890','3510 W 79th St','589','chicago','illinois','60652','United States',41.7499286,-87.7106036),('deepak18','123','service_provider',1,'d18@xyz.com','deepak yadav 18','f','11/02/1997',76,'provider 18','1234567890','7200 S Cicero Ave','13','chicago','illinois','60629','United States',41.7627181,-87.7459841),('deepak19','123','service_provider',1,'d19@xyz.com','deepak yadav 19','f','11/02/1997',87,'provider 19','1234567890','13450 S Cicero Ave','98','Crestwood','illinois','60418','United States',41.6479032,-87.7393642),('deepak2','123','service_provider',1,'d2@xyz.com','deepak yadav 2','m','11/02/1997',24,'student 2','1234567890','2951 south king drive','apt 110','chicago','illinois','60616','United States',41.8404099,-87.6164229),('deepak20','123','service_provider',1,'d20@xyz.com','deepak yadav 20','f','11/02/1997',65,'provider 20','1234567890','1928 W Fulton st','UNIT 2N','chicago','illinois','60612','United States',41.8870152,-87.6755672),('deepak21','123','service_provider',1,'d21@xyz.com','deepak yadav 21','f','11/02/1997',64,'provider 21','1234567890','1563 N Wells St','79','chicago','illinois','60610','United States',41.910999,-87.634567),('deepak22','123','service_provider',1,'d22@xyz.com','deepak yadav 22','f','11/02/1997',73,'provider 22','1234567890','1016 W Jackson Blvd','#37','chicago','illinois','60607','United States',41.8780255,-87.6527575),('deepak23','123','service_provider',1,'d23@xyz.com','deepak yadav 23','m','11/02/1997',52,'provider 23','1234567890','2120 W Washington Blvd','67','chicago','illinois','60612','United States',41.8833904,-87.6801106),('deepak24','123','service_provider',1,'d24@xyz.com','deepak yadav 24','f','11/02/1997',53,'provider 24','1234567890','205 W Randolph St','#900','chicago','illinois','60606','United States',41.8839253,-87.6341816),('deepak25','123','service_provider',1,'d25@xyz.com','deepak yadav 25','f','11/02/1997',32,'provider 25','1234567890','130 N LaSalle Dr','89','chicago','illinois','60602','United States',41.8840026,-87.632767),('deepak26','123','service_provider',1,'d26@xyz.com','deepak yadav 26','m','11/02/1997',45,'provider 26','1234567890','1300 S Wabash Ave','#200','chicago','illinois','60605','United States',41.8656129,-87.6261433),('deepak27','123','service_provider',1,'d27@xyz.com','deepak yadav 27','f','11/02/1997',76,'provider 27','1234567890','980 N Michigan Ave','#900','chicago','illinois','60611','United States',41.900629,-87.6244518),('deepak28','123','service_provider',1,'d28@xyz.com','deepak yadav 28','f','11/02/1997',47,'provider 28','1234567890','2501 W Washington Blvd','Suite 301','chicago','illinois','60612','United States',41.8827908,-87.6888856),('deepak29','123','service_provider',1,'d29@xyz.com','deepak yadav 29','f','11/02/1997',56,'provider 29','1234567890','712 E 47th St','279','chicago','illinois','60653','United States',41.809804,-87.608416),('deepak3','123','service_provider',1,'d3@xyz.com','deepak yadav 3','f','11/02/1997',28,'student 3','1234567890','2801 south king drive','apt 1117','chicago','illinois','60616','United States',41.8437077,-87.6165023),('deepak30','123','service_provider',1,'d30@xyz.com','deepak yadav 30','f','11/02/1997',43,'provider 30','1234567890','5113 S Harper Ave','Suite 2018','chicago','illinois','60615','United States',41.8020371,-87.5885223),('deepak31','123','service_provider',1,'d31@xyz.com','deepak yadav 31','m','11/02/1997',24,'student','1234567890','1401 S State St','123','chicago','illinois','60605','usa',41.8634989,-87.6270427),('deepak32','123','service_provider',1,'d32@xyz.com','deepak yadav 32','m','11/02/1997',34,'student','1234567890','1401 S State St','123','chicago','illinois','60605','United States',41.8634989,-87.6270427),('deepak4','123','service_provider',1,'d4@xyz.com','deepak yadav 4','f','11/02/1997',30,'provider 4','1234567890','2851 south king drive','apt 909','chicago','illinois','60616','United States',41.8425894,-87.616469),('deepak5','123','service_provider',1,'d5@xyz.com','deepak yadav 5','m','11/02/1997',45,'provider 5','1234567890','215 E 31st St','567','chicago','illinois','60616','United States',41.8381842,-87.6211659),('deepak6','123','service_provider',1,'d6@xyz.com','deepak yadav 6','f','11/02/1997',54,'provider 6','1234567890','215 E 31st St','56','chicago','illinois','60616','United States',41.8381842,-87.6211659),('deepak7','123','service_provider',1,'d7@xyz.com','deepak yadav 7','f','11/02/1997',56,'provider 7','1234567890','2929 S Wabash','Ave #202','chicago','illinois','60616','United States',41.8409592,-87.6248837),('deepak8','123','service_provider',1,'d8@xyz.com','deepak yadav 8','f','11/02/1997',67,'provider 8','1234567890','2251 S Michigan Ave','456','chicago','illinois','60616','United States',41.8514378,-87.6230742),('deepak9','123','service_provider',1,'d9@xyz.com','deepak yadav 9','f','11/02/1997',34,'provider 9','1234567890','238 W Cermak Rd','123','chicago','illinois','60616','United States',41.8530414,-87.6333303),('nirav1','123','administrator',0,'','','','',-1,'','','','','','','','',0,0),('yash1','123','customer',1,'y1@xyz.com','yash patel 1','m','11/02/1997',24,'student','1234567890','2901 south king drive','apt 1117','chicago','illinois','60616','usa',41.8415404,-87.6164621),('yash10','123','customer',1,'y10@gmail.com','yash10','m','01/04/1985',35,'carpenter','32439320','1515 S Prairie Ave,','704','Chicago','Illinois','60605','United States',41.8617675,-87.6202181),('yash2','123','customer',1,'y2@xyz.com','yash2','m','04/12/1997',23,'student','1243567890','2759 W 37th Pl','123','Chicago','IL','60632','United States',41.8254029,-87.6945269),('yash3','123','customer',1,'y3@gmail.com','yash3','m','04/11/97',23,'student','4567890','1959 N Sheffield Ave','32','Chicago','Illinois','60614','United States',41.9175834,-87.6531227),('yash4','123','customer',1,'y4@gmail.com','yash4','m','07/21/1998',22,'soft enginner','2134798981','906 E 54th St','15','Chicago','Illinois','60615','United States',41.7980368,-87.603498),('yash5','123','customer',1,'y5@gmail.com','yash5','m','01/04/1992',28,'EC','32984304','7700 S Sangamon St','4602','Chicago','IL','60620','United States',41.7540901,-87.6480355),('yash6','123','customer',1,'y6@gmail.com','yash6','m','03/04/1990',30,'painter','263248029','1031 N Riverwalk St,','12','chicago','IL','60610','United States',41.9003749,-87.645957),('yash7','123','customer',1,'y7@gmail.com','yash7','m','09/11/1995',25,'manager','324324989','614 N Paulina St','20','Chicago','IL','60622','United States',41.8929675,-87.6697129),('yash8','123','customer',1,'y8@gmail.com','yash8','m','09/11/1991',29,'professor','48324000','614 N Paulina St','01','Chicago','Illinois','60622','United States',41.8929675,-87.6697129),('yash9','123','customer',1,'y9@gmail.com','yash9','m','01/02/1987',33,'engineer','243089324','1500 S Kenneth Ave,','011','Chicago','Illinois','60622','United States',41.8604039,-87.7362491);
/*!40000 ALTER TABLE `users` ENABLE KEYS */;
UNLOCK TABLES;
/*!40103 SET TIME_ZONE=@OLD_TIME_ZONE */;

/*!40101 SET SQL_MODE=@OLD_SQL_MODE */;
/*!40014 SET FOREIGN_KEY_CHECKS=@OLD_FOREIGN_KEY_CHECKS */;
/*!40014 SET UNIQUE_CHECKS=@OLD_UNIQUE_CHECKS */;
/*!40101 SET CHARACTER_SET_CLIENT=@OLD_CHARACTER_SET_CLIENT */;
/*!40101 SET CHARACTER_SET_RESULTS=@OLD_CHARACTER_SET_RESULTS */;
/*!40101 SET COLLATION_CONNECTION=@OLD_COLLATION_CONNECTION */;
/*!40111 SET SQL_NOTES=@OLD_SQL_NOTES */;

-- Dump completed on 2020-12-05 16:33:00
